URL_ID,URL,POSITIVE SCORE,NEGATIVE SCORE,POLARITY SCORE,SUBJECTIVITY SCORE,AVG SENTENCE LENGTH,PERCENTAGE OF COMPLEX WORDS,FOG INDEX,COMPLEX WORD COUNT,WORD COUNT,SYLLABLE PER WORD,PERSONAL PRONOUNS,AVG WORD LENGTH
bctech2011,https://insights.blackcoffer.com/ml-and-ai-based-insurance-premium-model-to-predict-premium-to-be-charged-by-the-insurance-company/,32,8,0.5999999850000004,0.053404539314546674,39.7,29.72292191435768,27.769168765743075,236,794,1291,2,7.472727272727273
bctech2012,https://insights.blackcoffer.com/streamlined-integration-interactive-brokers-api-with-python-for-desktop-trading-application/,2,0,0.99999950000025,0.024999999687500003,29.666666666666668,25.842696629213485,22.203745318352063,23,89,149,1,8.203389830508474
bctech2013,https://insights.blackcoffer.com/efficient-data-integration-and-user-friendly-interface-development-navigating-challenges-in-web-application-deployment/,3,0,0.9999996666667778,0.03703703657978967,30.333333333333332,29.67032967032967,24.001465201465205,27,91,151,1,8.39655172413793
bctech2014,https://insights.blackcoffer.com/effective-management-of-social-media-data-extraction-strategies-for-authentication-security-and-reliability/,2,0,0.99999950000025,0.02409638525185078,30.333333333333332,29.67032967032967,24.001465201465205,27,91,154,1,8.288135593220339
bctech2015,https://insights.blackcoffer.com/streamlined-trading-operations-interface-for-metatrader-4-empowering-efficient-management-and-monitoring/,3,0,0.9999996666667778,0.03703703657978967,30.0,31.11111111111111,24.444444444444446,28,90,157,1,8.333333333333334
bctech2016,https://insights.blackcoffer.com/efficient-aws-infrastructure-setup-and-management-addressing-security-scalability-and-compliance/,2,0,0.99999950000025,0.025316455375741072,29.333333333333332,29.545454545454547,23.55151515151515,26,88,148,1,8.464285714285714
bctech2017,https://insights.blackcoffer.com/streamlined-equity-waterfall-calculation-and-deal-management-system/,2,0,0.99999950000025,0.024999999687500003,29.666666666666668,28.08988764044944,23.102621722846443,25,89,149,1,8.016666666666667
bctech2018,https://insights.blackcoffer.com/automated-orthopedic-case-report-generation-harnessing-web-scraping-and-ai-integration/,1,0,0.9999990000010001,0.012499999843750002,30.0,27.77777777777778,23.111111111111114,25,90,152,1,8.2
bctech2019,https://insights.blackcoffer.com/streamlining-time-calculation-in-warehouse-management-leveraging-shiphero-api-and-google-bigquery-integration/,1,0,0.9999990000010001,0.011235954929933092,33.666666666666664,30.693069306930692,25.743894389438942,31,101,180,1,8.25
bctech2020,https://insights.blackcoffer.com/efficient-database-design-and-management-streamlining-access-and-integration-for-partner-entity-management/,2,0,0.99999950000025,0.023529411487889278,35.0,26.666666666666668,24.66666666666667,28,105,162,1,8.983050847457626
bctech2021,https://insights.blackcoffer.com/automated-campaign-management-system-a-comprehensive-solution-with-linkedin-and-email-integration/,3,0,0.9999996666667778,0.03614457787777617,30.666666666666668,31.521739130434785,24.875362318840583,29,92,162,1,8.222222222222221
bctech2022,https://insights.blackcoffer.com/ai-driven-data-analysis-ai-tool-using-langchain-for-a-leading-real-estate-and-financing-firm-worldwide/,17,4,0.6190475895691624,0.03608247416480675,19.41176470588235,21.06060606060606,16.188948306595364,139,660,962,1,8.321621621621622
bctech2023,https://insights.blackcoffer.com/grafana-dashboard-to-visualize-and-analyze-sensors-data/,17,2,0.7894736426592819,0.0487179485930309,25.176470588235293,24.299065420560748,19.79021440351842,104,428,629,5,7.75
bctech2024,https://insights.blackcoffer.com/mvp-for-a-software-that-analyses-content-from-audio-pharma-based/,4,2,0.33333327777778704,0.02631578935826408,31.125,21.686746987951807,21.124698795180723,54,249,355,2,7.638888888888889
bctech2025,https://insights.blackcoffer.com/data-engineering-and-management-tool-airbyte-with-custom-data-connectors-to-manage-crm-database/,16,4,0.5999999700000015,0.033955857327748966,19.677419354838708,22.131147540983605,16.723426758328923,135,610,854,16,7.397626112759644
bctech2026,https://insights.blackcoffer.com/text-summarizing-tool-to-scrape-and-summarize-pubmed-medical-papers/,28,2,0.8666666377777787,0.06085192685425573,23.863636363636363,25.142857142857146,19.602597402597407,132,525,748,5,7.718446601941747
bctech2027,https://insights.blackcoffer.com/7up7down-10updown-snakes-and-ladder-games-built-using-oops/,15,1,0.8749999453125034,0.0347071582761233,21.90909090909091,25.311203319502074,18.888117691437195,122,482,678,3,7.35
bctech2028,https://insights.blackcoffer.com/data-studio-dashboard-with-a-data-pipeline-tool-synced-with-podio-using-custom-webhooks-and-google-cloud-function/,18,8,0.3846153698224858,0.04113924044123538,21.903225806451612,22.23858615611193,17.656724785025414,151,679,932,1,7.677333333333333
bctech2029,https://insights.blackcoffer.com/end-to-end-tool-to-optimize-routing-and-planning-of-field-engineers-using-googles-cvrp-tw-algorithm/,28,7,0.5999999828571434,0.06317689519282149,24.5,24.65986394557823,19.663945578231292,145,588,820,9,7.961904761904762
bctech2030,https://insights.blackcoffer.com/end-to-end-tool-to-predict-biofuel-prices-using-ieso-data/,24,9,0.45454544077135034,0.0567010308304106,20.129032258064516,23.23717948717949,17.3464846980976,145,624,867,5,7.495774647887324
bctech2031,https://insights.blackcoffer.com/etl-discovery-tool-using-llma-langchain-openai/,22,4,0.6923076656804744,0.04006163322024402,18.102564102564102,25.495750708215297,17.43932592431176,180,706,1036,9,7.748201438848921
bctech2032,https://insights.blackcoffer.com/gpt-ocr-api/,3,0,0.9999996666667778,0.012448132728430985,27.77777777777778,19.2,18.79111111111111,48,250,327,4,6.673469387755102
bctech2033,https://insights.blackcoffer.com/dockerize-the-aws-lambda-for-serverless-architecture/,9,3,0.4999999583333368,0.031249999918619792,17.782608695652176,29.3398533007335,18.84898479855427,120,409,714,2,8.267441860465116
bctech2034,https://insights.blackcoffer.com/design-and-develop-a-product-recommendation-engine-based-on-the-features-of-products/,19,0,0.9999999473684238,0.057575757401285586,22.933333333333334,25.581395348837212,19.40589147286822,88,344,520,1,7.572115384615385
bctech2035,https://insights.blackcoffer.com/database-discovery-tool-using-openai/,15,5,0.4999999750000012,0.046620046511375184,18.166666666666668,28.899082568807337,18.8262996941896,126,436,672,5,7.196153846153846
bctech2036,https://insights.blackcoffer.com/automate-the-data-management-process/,26,8,0.5294117491349486,0.05255023175803673,17.31578947368421,23.252279635258358,16.227227643577027,153,658,841,1,7.121037463976945
bctech2037,https://insights.blackcoffer.com/realtime-kibana-dashboard-for-a-financial-tech-firm/,18,13,0.1612903173777317,0.03668639048912853,34.16,15.690866510538642,19.940346604215456,134,854,987,9,6.503267973856209
bctech2038,https://insights.blackcoffer.com/data-management-etl-and-data-automation/,9,0,0.9999998888889013,0.028124999912109375,26.615384615384617,15.606936416184972,16.888928412627838,54,346,339,6,7.280254777070064
bctech2039,https://insights.blackcoffer.com/data-management-egeas/,6,0,0.9999998333333611,0.02489626545686197,19.833333333333332,15.966386554621847,14.319887955182072,38,238,275,5,6.454545454545454
bctech2040,https://insights.blackcoffer.com/design-and-develop-powershell-script/,4,0,0.9999997500000625,0.021390374217163773,98.0,12.244897959183673,44.097959183673474,24,196,251,5,6.931623931623932
bctech2041,https://insights.blackcoffer.com/design-and-develop-jenkins-shared-library/,4,0,0.9999997500000625,0.056338027375520745,24.333333333333332,21.91780821917808,18.500456621004567,16,73,100,1,6.826086956521739
bctech2042,https://insights.blackcoffer.com/design-and-develop-retool-app-for-wholecell-io-and-asana-data-using-their-apis/,4,0,0.9999997500000625,0.02515723254618093,56.333333333333336,17.159763313609467,29.397238658777123,29,169,197,4,6.373626373626373
bctech2043,https://insights.blackcoffer.com/design-and-develop-a-retool-app-that-will-show-stock-and-crypto-related-information-using-iex-api/,5,0,0.99999980000004,0.022727272623966944,74.33333333333333,13.901345291479823,35.29387144992526,31,223,305,1,5.729559748427673
bctech2044,https://insights.blackcoffer.com/crm-monday-com-make-com-to-data-warehouse-to-klipfolio-dashboard/,9,1,0.7999999200000081,0.027100270929267558,20.08,16.334661354581673,14.565864541832667,82,502,664,6,9.483333333333333
bctech2045,https://insights.blackcoffer.com/ner-task-using-bert-with-data-in-xml-format/,5,0,0.99999980000004,0.018518518449931413,24.25,19.587628865979383,17.535051546391752,57,291,354,3,7.196078431372549
bctech2046,https://insights.blackcoffer.com/qualtrics-api-integration-using-python/,4,0,0.9999997500000625,0.025974025805363468,18.11111111111111,18.404907975460123,14.606407634628495,30,163,233,3,7.13
bctech2047,https://insights.blackcoffer.com/design-and-develop-mlops-framework-for-data-centric-ai/,7,0,0.9999998571428775,0.03211009159582527,44.8,24.107142857142858,27.562857142857144,54,224,336,1,6.9523809523809526
bctech2048,https://insights.blackcoffer.com/nlp-based-approach-for-data-transformation/,5,1,0.6666665555555741,0.027906976614386157,37.333333333333336,13.392857142857142,20.290476190476195,30,224,243,2,6.6
bctech2049,https://insights.blackcoffer.com/an-etl-tool-to-pull-data-from-shiphero-to-google-bigquery-data-warehouse/,11,3,0.5714285306122479,0.033333333253968256,28.733333333333334,16.937354988399072,18.268275328692962,73,431,493,8,6.407079646017699
bctech2050,https://insights.blackcoffer.com/plaid-financial-analytics-a-data-driven-dashboard-to-generate-insights/,9,1,0.7999999200000081,0.03436426105029464,30.1,17.940199335548172,19.21607973421927,54,301,344,2,7.103448275862069
bctech2051,https://insights.blackcoffer.com/recommendation-engine-for-insurance-sector-to-expand-business-in-the-rural-area/,10,1,0.8181817438016598,0.03273809514066043,36.44444444444444,22.865853658536587,23.724119241192412,75,328,488,2,6.826086956521739
bctech2052,https://insights.blackcoffer.com/data-from-crm-via-zapier-to-google-sheets-dynamic-to-powerbi/,10,0,0.99999990000001,0.04149377576143662,21.727272727272727,15.062761506276152,14.716013693419553,36,239,262,4,6.3307692307692305
bctech2053,https://insights.blackcoffer.com/data-warehouse-to-google-data-studio-looker-dashboard/,5,0,0.99999980000004,0.018587360525697545,28.272727272727273,16.720257234726688,17.997193802981585,52,311,391,7,8.25625
bctech2054,https://insights.blackcoffer.com/crm-monday-com-via-zapier-to-power-bi-dashboard/,12,3,0.5999999600000027,0.03926701560401305,16.47826086956522,11.081794195250659,11.024022025926351,42,379,348,16,6.182857142857143
bctech2055,https://insights.blackcoffer.com/monday-com-to-kpi-dashboard-to-manage-view-and-generate-insights-from-the-crm-data/,18,7,0.4399999824000007,0.05868544587163041,16.96153846153846,13.60544217687075,12.226792255363684,60,441,435,6,6.485714285714286
bctech2056,https://insights.blackcoffer.com/data-management-for-a-political-saas-application/,5,3,0.24999996875000394,0.02203856743240064,17.136363636363637,22.015915119363395,15.660911502290814,83,377,476,3,6.856481481481482
bctech2057,https://insights.blackcoffer.com/google-lsa-ads-google-local-service-ads-etl-tools-and-dashboards/,5,1,0.6666665555555741,0.02489626545686197,27.77777777777778,18.4,18.47111111111111,46,250,323,1,6.701298701298701
bctech2058,https://insights.blackcoffer.com/ad-networks-marketing-campaign-data-dashboard-in-looker-google-data-studio/,4,0,0.9999997500000625,0.03571428539540817,62.0,19.35483870967742,32.54193548387097,24,124,172,1,7.5131578947368425
bctech2059,https://insights.blackcoffer.com/analytical-solution-for-a-tech-firm/,6,2,0.4999999375000079,0.07619047546485262,24.6,19.51219512195122,17.644878048780487,24,123,158,1,8.442622950819672
bctech2060,https://insights.blackcoffer.com/ai-solution-for-a-technology-information-and-internet-firm/,5,0,0.99999980000004,0.04201680636960667,17.285714285714285,23.96694214876033,16.50106257378985,29,121,173,1,6.740259740259741
bctech2061,https://insights.blackcoffer.com/ai-and-nlp-based-solutions-to-automate-data-discovery-for-venture-capital-and-private-equity-principals/,7,1,0.7499999062500118,0.039603960199980394,26.375,27.014218009478675,21.355687203791472,57,211,332,1,7.153284671532846
bctech2062,https://insights.blackcoffer.com/an-etl-solution-for-an-internet-publishing-firm/,11,0,0.9999999090909174,0.03559870538641196,22.5,14.920634920634921,14.96825396825397,47,315,376,10,6.101123595505618
bctech2063,https://insights.blackcoffer.com/ai-based-algorithmic-trading-bot-for-forex/,5,0,0.99999980000004,0.043478260491493385,19.833333333333332,16.80672268907563,14.656022408963587,20,119,179,1,6.765432098765432
bctech2064,https://insights.blackcoffer.com/equity-waterfalls-model-based-saas-application-for-real-estate-sector/,4,3,0.1428571224489825,0.01960784308233097,18.4,19.021739130434785,14.968695652173915,70,368,422,8,6.885245901639344
bctech2065,https://insights.blackcoffer.com/ai-solutions-for-foreign-exchange-an-automated-algo-trading-tool/,8,2,0.599999940000006,0.025839793214884256,30.153846153846153,21.428571428571427,20.63296703296703,84,392,483,4,6.5964912280701755
bctech2066,https://insights.blackcoffer.com/ai-agent-development-and-deployment-in-jina-ai/,10,6,0.24999998437500096,0.07920792039996079,29.571428571428573,20.28985507246377,19.944513457556937,42,207,289,3,6.862903225806452
bctech2067,https://insights.blackcoffer.com/golden-record-a-knowledge-graph-database-approach-to-unfold-discovery-using-neo4j/,13,3,0.6249999609375024,0.041994750545945536,25.6,15.885416666666666,16.594166666666666,61,384,415,12,6.6313131313131315
bctech2068,https://insights.blackcoffer.com/advanced-ai-for-trading-automation/,10,3,0.5384614970414233,0.032828282745383124,18.318181818181817,18.36228287841191,14.672185878637492,74,403,491,9,6.9245283018867925
bctech2069,https://insights.blackcoffer.com/create-a-knowledge-graph-to-provide-real-time-analytics-recommendations-and-a-single-source-of-truth/,5,4,0.11111109876543349,0.051724137633769325,18.2,17.582417582417584,14.312967032967032,32,182,252,1,7.076190476190476
bctech2070,https://insights.blackcoffer.com/advanced-ai-for-thermal-person-detection/,5,0,0.99999980000004,0.04901960736255287,20.8,18.269230769230766,15.627692307692309,19,104,134,1,6.758064516129032
bctech2071,https://insights.blackcoffer.com/advanced-ai-for-road-cam-threat-detection/,5,3,0.24999996875000394,0.06504064987771829,25.2,23.015873015873016,19.286349206349207,29,126,166,1,6.972602739726027
bctech2072,https://insights.blackcoffer.com/advanced-ai-for-pedestrian-crossing-safety/,7,2,0.5555554938271674,0.06293706249694361,20.857142857142858,20.54794520547945,16.562035225048927,30,146,184,3,7.256410256410256
bctech2073,https://insights.blackcoffer.com/handgun-detection-using-yolo/,6,0,0.9999998333333611,0.05769230713757397,17.666666666666668,27.358490566037734,18.010062893081763,29,106,165,2,7.183098591549296
bctech2074,https://insights.blackcoffer.com/using-graph-technology-to-create-single-customer-view/,5,6,-0.09090908264462885,0.06285714249795919,16.181818181818183,23.595505617977526,15.910929519918284,42,178,260,4,7.221153846153846
bctech2075,https://insights.blackcoffer.com/car-detection-in-satellite-images/,11,0,0.9999999090909174,0.03459119485977612,19.470588235294116,17.220543806646525,14.676452816776257,57,331,385,7,7.128654970760234
bctech2076,https://insights.blackcoffer.com/building-a-physics-informed-neural-network-for-circuit-evaluation/,10,3,0.5384614970414233,0.03672316373807016,19.210526315789473,21.643835616438356,16.341744772891133,79,365,473,11,7.688775510204081
bctech2077,https://insights.blackcoffer.com/connecting-mongodb-database-to-power-bi-dashboard-dashboard-automation/,6,5,0.09090908264462885,0.03038674024755044,22.058823529411764,18.4,16.183529411764706,69,375,507,9,6.518018018018018
bctech2078,https://insights.blackcoffer.com/data-transformation/,19,11,0.26666665777777804,0.0645161288935137,19.708333333333332,15.433403805496829,14.056694855532065,73,473,564,10,6.645418326693227
bctech2079,https://insights.blackcoffer.com/e-commerce-store-analysis-purchase-behavior-ad-spend-conversion-traffic-etc/,7,0,0.9999998571428775,0.020057306532787086,19.68421052631579,16.577540106951872,14.504700253307067,62,374,513,13,6.9771689497716896
bctech2080,https://insights.blackcoffer.com/kpi-dashboard-for-accountants/,8,0,0.9999998750000157,0.02807017534010465,26.363636363636363,20.689655172413794,18.821316614420063,60,290,377,5,6.801104972375691
bctech2081,https://insights.blackcoffer.com/return-on-advertising-spend-dashboard-marketing-automation-and-analytics-using-etl-and-dashboard/,23,4,0.7037036776406045,0.03873744614241399,20.852941176470587,27.785613540197463,19.455421886667224,197,709,1080,6,7.196428571428571
bctech2082,https://insights.blackcoffer.com/ranking-customer-behaviours-for-business-strategy/,5,1,0.6666665555555741,0.024793388327300048,49.0,13.46938775510204,24.98775510204082,33,245,286,1,6.481203007518797
bctech2083,https://insights.blackcoffer.com/algorithmic-trading-for-multiple-commodities-markets-like-forex-metals-energy-etc/,8,0,0.9999998750000157,0.02388059694364001,21.25,21.470588235294116,17.08823529411765,73,340,457,1,7.046875
bctech2084,https://insights.blackcoffer.com/trading-bot-for-forex/,2,1,0.33333322222225925,0.03749999953125001,82.0,14.634146341463413,38.65365853658537,12,82,110,1,5.925925925925926
bctech2085,https://insights.blackcoffer.com/python-model-for-the-analysis-of-sector-specific-stock-etfs-for-investment-purposes%ef%bf%bc/,8,2,0.599999940000006,0.0295857987290361,26.384615384615383,16.61807580174927,17.201076474545864,57,343,370,4,6.826347305389222
bctech2086,https://insights.blackcoffer.com/medical-classification/,8,0,0.9999998750000157,0.03252032507105559,20.833333333333332,18.4,15.693333333333335,46,250,349,5,6.635802469135802
bctech2087,https://insights.blackcoffer.com/design-develop-bert-question-answering-model-explanations-with-visualization/,2,0,0.99999950000025,0.017857142697704085,38.333333333333336,22.608695652173914,24.376811594202902,26,115,176,2,7.293333333333333
bctech2088,https://insights.blackcoffer.com/design-and-develop-solution-to-anomaly-detection-classification-problems/,2,6,-0.4999999375000079,0.04938271574455114,18.11111111111111,26.993865030674847,18.041990456714384,44,163,272,5,6.863636363636363
bctech2089,https://insights.blackcoffer.com/an-etl-solution-for-currency-data-to-google-big-query/,2,10,-0.6666666111111158,0.047999999808,21.166666666666668,11.023622047244094,12.876115485564306,28,254,305,11,5.896103896103896
bctech2090,https://insights.blackcoffer.com/etl-and-mlops-infrastructure-for-blockchain-analytics/,2,0,0.99999950000025,0.006802721065296867,42.57142857142857,22.483221476510067,26.021860019175456,67,298,411,0,6.445026178010472
bctech2091,https://insights.blackcoffer.com/an-agent-based-model-of-a-virtual-power-plant-vpp/,2,0,0.99999950000025,0.026666666311111118,27.666666666666668,19.27710843373494,18.777510040160646,16,83,115,0,7.36734693877551
bctech2092,https://insights.blackcoffer.com/transform-api-into-sdk-library-and-widget/,10,0,0.99999990000001,0.0537634405711643,49.75,18.592964824120603,27.337185929648243,37,199,242,1,7.245098039215686
bctech2093,https://insights.blackcoffer.com/integration-of-a-product-to-a-cloud-based-crm-platform/,8,5,0.23076921301775286,0.04659498191184595,16.176470588235293,17.09090909090909,13.306951871657754,47,275,379,1,6.551136363636363
bctech2094,https://insights.blackcoffer.com/a-web-based-dashboard-for-the-filtered-data-retrieval-of-land-records/,13,3,0.6249999609375024,0.05423728795173801,20.692307692307693,18.587360594795538,15.711867314841294,50,269,419,0,6.241545893719807
bctech2095,https://insights.blackcoffer.com/integration-of-video-conferencing-data-to-the-existing-web-app/,2,0,0.99999950000025,0.009132420049623653,26.875,17.674418604651162,17.819767441860467,38,215,328,0,6.285714285714286
bctech2096,https://insights.blackcoffer.com/design-develop-an-app-in-retool-which-shows-the-progress-of-the-added-video/,3,0,0.9999996666667778,0.029702970002940893,49.5,16.161616161616163,26.264646464646468,16,99,126,2,6.033898305084746
bctech2097,https://insights.blackcoffer.com/auvik-connectwise-integration-in-grafana/,3,2,0.199999960000008,0.02688172028558215,19.4,21.1340206185567,16.21360824742268,41,194,250,0,7.077669902912621
bctech2098,https://insights.blackcoffer.com/data-integration-and-big-data-performance-using-elk-stack/,5,1,0.6666665555555741,0.023809523715041574,19.76923076923077,20.622568093385212,16.156719545046396,53,257,344,2,7.013333333333334
bctech2099,https://insights.blackcoffer.com/web-data-connector/,1,1,0.0,0.010810810752373995,17.636363636363637,15.463917525773196,13.240112464854732,30,194,240,1,6.700934579439252
bctech2100,https://insights.blackcoffer.com/an-app-for-updating-the-email-id-of-the-user-and-stripe-refund-tool-using-retool/,7,0,0.9999998571428775,0.04697986545651097,75.0,9.333333333333334,33.733333333333334,14,150,166,3,5.964705882352941
bctech2101,https://insights.blackcoffer.com/an-ai-ml-based-web-application-that-detects-the-correctness-of-text-in-a-given-video/,1,8,-0.7777776913580343,0.04186046492157924,73.66666666666667,11.312217194570136,33.99155354449473,25,221,231,2,6.266129032258065
bctech2102,https://insights.blackcoffer.com/website-tracking-and-insights-using-google-analytics-google-tag-manager/,22,2,0.8333332986111125,0.0299999999625,26.419354838709676,19.291819291819294,18.28446965221159,158,819,999,3,6.684579439252336
bctech2103,https://insights.blackcoffer.com/dashboard-to-track-the-analytics-of-the-website-using-google-analytics-and-google-tag-manager/,21,0,0.9999999523809546,0.025210084003349238,25.818181818181817,17.95774647887324,17.510371318822024,153,852,1018,1,6.752834467120182
bctech2104,https://insights.blackcoffer.com/power-bi-dashboard-on-operations-transactions-and-marketing-embedding-the-dashboard-to-web-app/,1,0,0.9999990000010001,0.015151514921946744,22.0,25.757575757575758,19.103030303030305,17,66,106,0,6.5625
bctech2105,https://insights.blackcoffer.com/nft-data-automation-looksrare-and-etl-tool/,5,1,0.6666665555555741,0.020761245602902264,20.857142857142858,14.726027397260275,14.233268101761253,43,292,302,3,6.161971830985915
bctech2106,https://insights.blackcoffer.com/optimize-the-data-scraper-program-to-easily-accommodate-large-files-and-solve-oom-errors/,6,2,0.4999999375000079,0.04819277079401946,20.75,20.481927710843372,16.49277108433735,34,166,201,2,6.6521739130434785
bctech2107,https://insights.blackcoffer.com/making-a-robust-way-to-sync-data-from-airtables-to-mongodb-using-python-etl-solution/,4,4,0.0,0.027027026935719504,27.272727272727273,12.666666666666668,15.975757575757576,38,300,304,1,6.26797385620915
bctech2108,https://insights.blackcoffer.com/incident-duration-prediction-infrastructure-and-real-estate/,3,0,0.9999996666667778,0.014218009411289055,23.555555555555557,21.22641509433962,17.912788259958074,45,212,275,4,7.094827586206897
bctech2109,https://insights.blackcoffer.com/statistical-data-analysis-of-reinforced-concrete/,7,2,0.5555554938271674,0.026011560618463696,25.76923076923077,23.283582089552237,19.621125143513204,78,335,469,4,7.15625
bctech2110,https://insights.blackcoffer.com/database-normalization-segmentation-with-google-data-studio-dashboard-insights/,5,0,0.99999980000004,0.024999999875,14.142857142857142,18.181818181818183,12.929870129870132,36,198,285,8,6.45
bctech2111,https://insights.blackcoffer.com/power-bi-dashboard-to-drive-insights-from-complex-data-to-generate-business-insights/,6,2,0.4999999375000079,0.026143790764235977,20.333333333333332,15.737704918032788,14.428415300546447,48,305,357,8,5.97093023255814
bctech2112,https://insights.blackcoffer.com/real-time-dashboard-to-monitor-infrastructure-activity-and-machines/,1,0,0.9999990000010001,0.009174311842437506,22.0,23.636363636363637,18.254545454545458,26,110,155,2,6.5588235294117645
bctech2113,https://insights.blackcoffer.com/electric-vehicles-ev-load-management-system-to-forecast-energy-demand/,3,2,0.199999960000008,0.019841269762534645,21.833333333333332,19.083969465648856,16.366921119592877,50,262,392,7,6.291666666666667
bctech2114,https://insights.blackcoffer.com/power-bi-data-driven-map-dashboard/,1,0,0.9999990000010001,0.04347825897920613,24.0,25.0,19.6,6,24,45,0,6.5
bctech2115,https://insights.blackcoffer.com/google-local-service-ads-lsa-leads-dashboard/,23,2,0.8399999664000013,0.04280821910478045,20.0,15.666666666666668,14.26666666666667,94,600,711,3,6.464831804281346
bctech2116,https://insights.blackcoffer.com/aws-lex-voice-and-chatbot/,13,0,0.9999999230769291,0.04529616708956039,19.266666666666666,11.418685121107266,12.274140715109574,33,289,345,5,5.562841530054645
bctech2117,https://insights.blackcoffer.com/metabridges-api-decentraland-integration/,2,2,0.0,0.015564202274069253,17.333333333333332,20.0,14.933333333333332,52,260,390,0,6.037433155080214
bctech2118,https://insights.blackcoffer.com/microsoft-azure-chatbot-with-luis-language-understanding/,6,0,0.9999998333333611,0.04687499963378906,21.666666666666668,18.461538461538463,16.051282051282055,24,130,195,0,6.54320987654321
bctech2119,https://insights.blackcoffer.com/impact-of-news-media-and-press-on-innovation-startups-and-investments/,12,2,0.7142856632653098,0.047945205315256145,15.526315789473685,11.864406779661017,10.956289027653881,35,295,330,8,6.116129032258065
bctech2120,https://insights.blackcoffer.com/aws-quicksight-reporting-dashboard/,9,3,0.4999999583333368,0.03715170267135696,33.1,16.012084592145015,19.64483383685801,53,331,378,5,6.354285714285714
bctech2121,https://insights.blackcoffer.com/google-data-studio-dashboard-for-marketing-ads-and-traction-data/,11,2,0.6923076390532585,0.027426160279691646,30.3125,13.608247422680412,17.568298969072167,66,485,549,8,6.5783582089552235
bctech2122,https://insights.blackcoffer.com/gangala-in-e-commerce-big-data-etl-elt-solution-and-data-warehouse/,9,2,0.636363578512402,0.03900709206025854,24.5,14.625850340136054,15.650340136054423,43,294,315,7,6.006578947368421
bctech2123,https://insights.blackcoffer.com/big-data-solution-to-an-online-multivendor-marketplace-ecommerce-business/,20,0,0.9999999500000024,0.06211180104934223,42.0,14.880952380952381,22.752380952380953,50,336,398,4,6.251366120218579
bctech2124,https://insights.blackcoffer.com/creating-a-custom-report-and-dashboard-using-the-data-got-from-atera-api/,1,0,0.9999990000010001,0.013698629949333838,28.0,17.857142857142858,18.342857142857145,15,84,112,2,7.613636363636363
bctech2125,https://insights.blackcoffer.com/azure-data-lake-and-power-bi-dashboard/,2,2,0.0,0.024539877150062103,16.7,23.353293413173652,16.02131736526946,39,167,280,0,8.057142857142857
bctech2126,https://insights.blackcoffer.com/google-data-studio-pipeline-with-gcp-mysql/,1,1,0.0,0.016129032127991678,31.25,11.200000000000001,16.98,14,125,161,1,6.2727272727272725
bctech2127,https://insights.blackcoffer.com/quickbooks-dashboard-to-find-patterns-in-finance-sales-and-forecasts/,8,0,0.9999998750000157,0.02461538453964497,29.545454545454547,19.384615384615383,19.572027972027975,63,325,442,2,7.207446808510638
bctech2128,https://insights.blackcoffer.com/marketing-sales-and-financial-data-business-dashboard-wink-report/,5,0,0.99999980000004,0.018656716348295833,18.642857142857142,20.689655172413794,15.733004926108373,54,261,321,3,6.722972972972973
bctech2129,https://insights.blackcoffer.com/react-native-apps-in-the-development-portfolio/,0,0,0.0,0.0,119.0,8.403361344537815,50.96134453781513,10,119,144,0,26.095238095238095
bctech2130,https://insights.blackcoffer.com/a-leading-firm-website-seo-optimization/,2,0,0.99999950000025,0.0238095235260771,14.333333333333334,23.25581395348837,15.035658914728684,20,86,153,0,6.90625
bctech2131,https://insights.blackcoffer.com/a-leading-hospitality-firm-in-the-usa-website-seo-optimization/,7,0,0.9999998571428775,0.06249999944196429,19.666666666666668,20.33898305084746,16.002259887005653,24,118,167,0,6.901408450704225
bctech2132,https://insights.blackcoffer.com/a-leading-firm-in-the-usa-website-seo-optimization/,4,2,0.33333327777778704,0.08571428448979594,38.0,17.105263157894736,22.042105263157897,13,76,124,0,6.446428571428571
bctech2133,https://insights.blackcoffer.com/a-leading-musical-instrumental-website-seo-optimization/,2,1,0.33333322222225925,0.04285714224489797,10.285714285714286,27.77777777777778,15.225396825396826,20,72,133,0,6.732142857142857
bctech2134,https://insights.blackcoffer.com/a-leading-firm-in-the-usa-seo-and-website-optimization/,2,1,0.33333322222225925,0.04687499926757814,11.166666666666666,19.402985074626866,12.227860696517414,13,67,113,0,6.82
bctech2135,https://insights.blackcoffer.com/immigration-datawarehouse-ai-based-recommendations/,9,0,0.9999998888889013,0.030821917702664667,21.142857142857142,17.22972972972973,15.34903474903475,51,296,341,7,6.751677852348993
bctech2136,https://insights.blackcoffer.com/lipsync-automation-for-celebrities-and-influencers/,1,0,0.9999990000010001,0.006622516512433666,24.428571428571427,15.789473684210526,16.08721804511278,27,171,211,4,7.894117647058824
bctech2137,https://insights.blackcoffer.com/key-audit-matters-predictive-modeling/,3,7,-0.39999996000000404,0.024330900184109733,29.5,19.128329297820823,19.451331719128333,79,413,537,3,6.476595744680851
bctech2138,https://insights.blackcoffer.com/splitting-of-songs-into-its-vocals-and-instrumental/,9,3,0.4999999583333368,0.05687203764515622,21.2,15.566037735849056,14.706415094339622,33,212,262,1,6.4471544715447155
bctech2139,https://insights.blackcoffer.com/ai-and-ml-technologies-to-evaluate-learning-assessments/,11,2,0.6923076390532585,0.035714285616169544,20.333333333333332,22.131147540983605,16.985792349726776,81,366,457,12,7.262295081967213
bctech2140,https://insights.blackcoffer.com/datawarehouse-and-recommendations-engine-for-airbnb/,8,3,0.4545454132231443,0.04230769214497042,21.833333333333332,17.938931297709924,15.908905852417304,47,262,340,7,6.780821917808219
bctech2141,https://insights.blackcoffer.com/real-estate-data-warehouse/,6,0,0.9999998333333611,0.019933554751051314,22.142857142857142,19.67741935483871,16.728110599078345,61,310,373,1,6.852760736196319
bctech2142,https://insights.blackcoffer.com/traction-dashboards-of-marketing-campaigns-and-posts/,3,1,0.49999987500003124,0.01388888884066358,23.76923076923077,16.50485436893204,16.109634055265126,51,309,364,8,7.305732484076433
bctech2143,https://insights.blackcoffer.com/google-local-service-ads-lsa-data-warehouse/,3,0,0.9999996666667778,0.021428571275510205,19.857142857142858,21.58273381294964,16.575950668037002,30,139,208,0,6.136842105263158
bctech2144,https://insights.blackcoffer.com/google-local-service-ads-missed-calls-and-messages-automation-tool/,2,2,0.0,0.02877697821023757,35.0,17.857142857142858,21.142857142857146,25,140,188,0,5.96875
bctech2145,https://insights.blackcoffer.com/marketing-ads-leads-call-status-data-tool-to-bigquery/,4,0,0.9999997500000625,0.032520324938859146,20.5,25.203252032520325,18.28130081300813,31,123,201,0,6.551724137931035
bctech2146,https://insights.blackcoffer.com/marketing-analytics-to-automate-leads-call-status-and-reporting/,4,0,0.9999997500000625,0.03076923053254438,21.5,20.930232558139537,16.972093023255816,27,129,198,0,6.351648351648351
bctech2147,https://insights.blackcoffer.com/callrail-analytics-leads-report-alert/,3,0,0.9999996666667778,0.02222222205761317,19.142857142857142,20.149253731343283,15.716844349680171,27,134,201,0,6.4772727272727275
bctech2148,https://insights.blackcoffer.com/marketing-automation-tool-to-notify-lead-details-to-clients-over-email-and-phone/,2,0,0.99999950000025,0.0188679243503026,26.75,20.5607476635514,18.92429906542056,22,107,150,0,6.154929577464789
bctech2149,https://insights.blackcoffer.com/data-etl-local-service-ads-leads-to-bigquery/,4,0,0.9999997500000625,0.03960396000392119,20.0,25.0,18.0,25,100,167,0,6.301369863013699
bctech2150,https://insights.blackcoffer.com/marbles-stimulation-using-python/,4,1,0.599999880000024,0.023584905549127805,19.181818181818183,12.796208530805686,12.791210685049549,27,211,224,2,5.529411764705882
bctech2151,https://insights.blackcoffer.com/stocktwits-data-structurization/,13,8,0.23809522675737013,0.023863636336518595,17.9375,17.88617886178862,14.32947154471545,154,861,1163,6,6.425225225225225
bctech2152,https://insights.blackcoffer.com/sentimental-analysis-on-shareholder-letter-of-companies/,4,6,-0.19999998000000202,0.021551724091483353,19.608695652173914,27.716186252771617,18.92995276197821,125,451,755,3,6.498412698412698
bctech2153,https://insights.blackcoffer.com/population-and-community-survey-of-america/,12,6,0.3333333148148158,0.021003500558922403,25.029411764705884,21.974148061104586,18.801423930324187,187,851,1217,3,6.281867145421903
bctech2154,https://insights.blackcoffer.com/google-lsa-api-data-automation-and-dashboarding/,19,18,0.027027026296566857,0.02704678360595995,19.776119402985074,19.69811320754717,15.789693044212896,261,1325,1922,7,6.317972350230415
bctech2155,https://insights.blackcoffer.com/healthcare-data-analysis/,8,5,0.23076921301775286,0.05676855870406743,21.818181818181817,10.416666666666668,12.893939393939394,25,240,243,9,6.63063063063063
bctech2156,https://insights.blackcoffer.com/budget-sales-kpi-dashboard-using-power-bi/,0,0,0.0,0.0,16.0,37.5,21.400000000000002,6,16,48,0,9.466666666666667
bctech2157,https://insights.blackcoffer.com/amazon-buy-bot-an-automation-ai-tool-to-auto-checkouts/,1,0,0.9999990000010001,0.008695652098298678,16.571428571428573,18.96551724137931,14.214778325123156,22,116,143,1,6.2835820895522385
